iibreezily,7d9b3ec6-f8eb-4264-996d-992d553e0d31
platnium_blaze,be5a55d6-bdf8-46fd-af60-9a2d07356892
darealethanol,cb0da516-15e0-4ae3-bf19-9de7076911d1
bansantion,fbcf5a5e-1157-461f-81a1-741f150c11d9
ivanb2007,c88e698d-f1eb-4bcb-b351-81068ca04dc8
slickmike711,b98c902f-3790-4756-b4ae-4f57ef81a324
chipmunkchippy,703d52ec-61d7-4911-aaa6-20137aaa40ca
captain_kappaa,d5e347a6-6b09-40f2-9399-4fb1c3fad10c
fox_face_gaming,6e489e10-5b08-4fd4-84ae-a623152cd3b9
dailydoseof,7fb2f20c-5d56-4397-bde1-1056ca8fcd5d
sokase,6ec6f9b0-c1fd-4f0a-aaf3-5fef4d0a950f
steve1million,5938f7fe-78e1-4f48-a6b5-1b2376dc741f
poseidon106,104fbcf8-314f-44e2-89a4-9c9ab43ca74c
liamofgeekheim,0e90f298-df9d-465a-a563-29d203be9598
ifram,bee86a8d-d4e7-4195-89b5-a0da0de7401e
powerpig84,edbcbf8b-4ffe-432d-adfc-97aecb85bfef
pscplaygames,c79d493f-3411-4810-a729-1062c24cf58b
garyjr1385,2b40f1e0-55cf-4f3a-ad82-63a6aa885784
upseticecube,e562ec61-896e-4c99-80af-6d130c10e38f
superking_steve,a7c36298-ad27-421f-af3f-f03345bb6cfb
hedgehogbean_19,b6738418-b8d5-4926-b9bd-7cfdb1b11761
jlesh45,f389fb4b-dcd6-4b51-af5a-2cd7512ddd92
corbo_alpha,0fa27cae-77d0-4b4e-90c0-b641b43ac8e1
mikeknight_1977,3e49e5fc-0db3-4731-aa84-a04513b2ddf6
the_rich_chicken,9aa1137b-b60b-49be-be9b-e48b6be80f83
thatonesadcat,f79cae9d-4d05-4444-9668-04079ead17f6
tobiasriver,a61c1a88-b3f7-4853-905c-928003a5396a
livinitup1337,91f81d99-0ade-4d5c-bd0e-3b303afdd66d
mooshieboy,fcfad4af-5d8f-4f97-8357-057d52e7eab7
domonator19,6516383e-bf55-4b7c-b57f-3d19dc05505d
xpromark98,8ab15ff5-de84-41d1-bd13-9516e176f170
biskoty,3211bd13-f9ab-4ef3-b954-c09ffd565315
capedpanda,138a0023-470f-4ca3-a853-4924d94619c3
cybercat2,94959bfe-0e7b-4fa6-9ed7-cd09f63231b1
serioussloth14,b03a2eff-db21-4415-ba68-e58bb0ef7de8
kichara,bd993d64-09a6-4a86-b419-0873ec1bed29
xpfriendly,4ccbf261-4e75-4c0f-bfae-92b19c216abd
dallasfan34,23b8b03f-93a9-49b3-9b54-109314400614
starlion5,1990bd03-80ba-4e58-87cc-240f9e25d580
thebluekite,d91e2ec0-852f-44f0-b288-8a19b4a6be0a
trent29,1cb484ba-fa49-4e11-91eb-cfca0b7943a7
poony85,84f14722-2760-423c-b1a6-ff860a2542f6
astexthm22,7318bec6-859c-48e3-93e9-37ea9c8a4d3d
wise_snowy,5e4c07ee-7284-435c-9ead-ef50fcc6071e
ninjaevan,20b4282f-edfc-48b1-8701-e6bb1bbb0e56
jakalmajiid,bfbde688-efce-48bc-a745-e2f42746d6a9
purplesteven,faa6ada6-2e39-46f6-8dbb-ec8a393a34fe
jasonbootz,def2ef25-a2c0-4b48-9ca6-82d8f0ad8bb0
mgsdetectedsound,ca859ba4-5c30-4c16-902f-3a07d6f760e8
paranor001,7c926d1b-a920-4b4f-a3ab-a1b7ba43a173
masonsenpai,d7f1eb8d-1a5e-4748-8f58-0353bd9d97a8
5l3,beaab012-bbb7-4f27-b2df-68ef5683155f
dr_vitty,85b31525-dec1-48dd-a5d8-e35dd164befb
anthonydjiv,acecbad1-bfb5-43e5-8961-68367a7b35d0
josephrooks,15594765-5a28-4f60-86d3-a9cc179510ba
epicnoah10,63cb7fdb-e6f5-4cb9-b6fd-8b20182d3b08
starcrashr,621d9894-bb5b-42fa-b516-0a4ca16f2695
24ten,6b37300d-bd2c-4e37-9d9d-0d43aa2cfca9
originalfogin,88b447ea-4616-4830-ab9a-1ac2dedce16f
lolexander,b9b24d51-d1a3-434e-b3a0-2196f8d34940
musictiger3,42c3e05b-65d1-4425-914f-5a20a857bc16
glamgaymertv,815e2823-c1cd-4b60-ae56-03a38497c339
akkaga,8d2109f3-e267-45fe-9d1e-b9cf3c46918b
divergentpirate,1ed58e78-dd18-4c42-a3f7-77fe2865f4f0
chandlerwithaz,ac662505-f9ab-4cf8-b31c-7da9bf7a435d
lego_are_awesome,9b26c593-989d-4064-bed1-8af5496a200e
lunaisdamoon,cb276039-ae4f-4e31-9bf1-f328c6cfa31f
parkour_warrior,b3cf8f77-f2ac-4da4-9aa1-63a34210c2f5
dazedrocket6279,a0f8346b-f69a-4eee-84cd-b31594974f2b
mysterymuffins,0ecf15fa-540b-409b-8af8-e9e3f3e8f62c
tomkronic,05cf0fdb-f3d4-45e3-a17a-d7b0e8598c63
xcleave,ffb2c8e3-7798-4baa-9cc5-045802e685c4
beingsomewhere,6378bc6f-b449-4bb0-97d7-8c3554a0bbfe
startheinkling,b07a4291-af59-4c18-a739-e82b04390584
dexen23,87ba9406-fdeb-4d2f-95dd-7296476f1b1a
cheshire_jack,eb7ab185-6023-4647-8283-bbbd3dea8fdd
genji_main,da301436-5eb7-4fbd-a74e-5f726b02c27b
rdn_dynamic,57778cef-70e5-47ae-a6c6-a8c1690d9b47
marogamer193,ebd655e6-ee0b-4ce2-9a04-7a6aec5083b5
lunardxst,5312e949-97d9-4b8a-8d78-e1685ae66df5
lazibonz,ff5a6d20-6f60-4b55-9a2c-9b829d391922
noir_shadow,8c32c6d2-cc4b-4d23-a578-0a340e4ba2d2
pancakehero701,2754550a-d4e2-4d80-a515-51e5612c1993
jqckd,82619ac7-1a23-413c-8b83-468648f8768b
olligod,788f462b-4799-42a6-a9e4-0318aee6574b
0c4,b0384c77-d903-4646-91dd-ccd3719f3bfb
rio868,61c3f6b4-7f14-42dd-8415-190a7935ffb7
the_lone_wolf1,e92206fa-644e-4aff-8655-8d29fed124e5
sassybuns13,991a8e8d-ea44-4b7e-8efd-1d8788327300
tonyhawkwarriorz,49ea571d-13b3-4855-a8f0-e398b27b2937
tensive_,446f8441-49e5-4e13-8154-6aae53443f80
nimbusfox69,a5208ee9-4b55-4172-8795-febc7c574fc2
poyzun11,6215f9e2-c894-4a22-81b6-cc672cbf5944
realsparr,ffb2c8e3-7798-4baa-9cc5-045802e685c4
beast_man,ab374eaf-9968-4623-88d4-e6d65703d0cc
cherry_princess,11c198cc-8dfc-4bb5-9673-953e25da08f0
funktipus,ec15e224-cf43-45d5-b4fb-9960fa5d2bd5
daisycutter_mkii,80b9dd15-263f-49de-9d08-5cda73fe07b8
p34bodyjr,99c800db-681d-4d83-afbb-b45fbc0c8ac5
joshhazzord,207c6f2d-a78b-4853-9c10-c78d0d2b648a
jrclark25,d51a229e-0041-4b13-8a0e-cff78c8eb35b
iimadpigz,43897758-fcb3-4ed3-bd0b-6e01199dacbc
mrbam9021,3225665c-d9ea-42b0-87ec-932cde34a92a
scifichristina,a4d63b20-e0d5-4246-8def-5cd3a5787f2f
d0ubled0uble_,03b692c4-3d55-4805-81dd-7a5b1b20eb5a
sparrsicle,ffb2c8e3-7798-4baa-9cc5-045802e685c4
colorapathy,dc877ae5-ed56-4fda-9062-dfa9627624a1
commandrx,c041c5a0-35d6-4fd5-84cc-746ac6defd3b
datsashinc,16dede8a-9980-4bac-81a3-0e38cec634f8
pixi_teya,3f09a0be-9eaf-4ba3-acda-16ab89d16b51
general_dork,763f43f3-eec1-4c84-adf3-fad2d8e24b4c
jeditimelord,7e56c12a-d1f0-41e1-9bfa-5478e63055ef
heromineman,47676505-49d8-486b-9d21-9331b6b320de
evilterabite,8bfb92db-9bec-4862-8f3a-9e9a632bdd36
rynn_,bbd932ba-efe6-42c7-9df6-b0236370ce42
_junie_,39439863-159c-4281-a53e-42d2aa3f1a54
dan_stark,daee7628-79f2-41ae-90b1-7e2e26d75358
deloptin,12015fe4-dc20-409a-950d-c0a151f9ca4a
buttermonkeyftw,d700bdb1-aa1c-4921-bdda-13058384a118
amerafearon,ad7215b2-d1ff-4984-b259-3e87d4e345b1
enigmacraft86,5d6bb1c7-5ced-4857-866e-f25eb8333e15
jules_pmc,9ed940ff-9bca-4bbb-8481-401c9e9e7f77
_pxrker,cc89c244-ce2d-45ab-93c2-de6a88f27e04
anxiousmess99,4ac48fd7-ff21-4b75-8c70-5446ecac4058
waffle,1e45fb8c-1c17-42a5-a9df-1b0c57f5cc7e
sylfix,ed759857-cfc3-49de-a29b-6c875b86ec5f
dall619,2d41d635-5bb3-48b3-919d-1d3c64626827
superskimaster,8fb3b5c8-cc54-48d9-a819-139c46e00a0d
coolykid09,3ff268a8-0c69-44f9-915c-36aa7722109f
dr_cid,cc8250ce-9213-4f67-b926-dd63ea2b5c86
bythehorns,6b222625-e73b-4c76-b0fc-9a868a8f2eb7
katiecubecumber,84ee09b8-a1ef-4b10-9b53-4409ccb8cfb2
luciferpiggy,5470dd27-c7b0-464c-bad5-7f965c44ea80
vivianton,66966954-aecf-4180-9d9e-25e19e0a4b42
freenate3333,76a18c85-6f83-4f15-93f8-7a009f8384de
tibo2004,26970770-654f-462f-bf98-f8df029bf1a5
dji,64e92082-e0b2-4d4d-bc1a-967f3fff34e5
jakaje,16b7e6cb-5c61-4aa9-8bb4-0cb609edcd5a
linatheone,863df54e-b0fa-4add-b83f-73af5ccf4fe8
laxowax14,4b6abbfc-3e66-4d03-b55e-4847d633a5c8
lucifer_piggy,5470dd27-c7b0-464c-bad5-7f965c44ea80
the_business,1de82f02-63af-4a72-8148-b08900c20b4b
hoghs,48f3cac6-eda1-40e8-ae75-4305e8f1f99e
luciusgraves,6599f909-f6ab-4e6f-9146-2b8b7851077f
rubypiec,be59467e-a3b9-4fe4-be8c-77d539b5e486
aebftw,25cffdf1-b17e-4330-8a41-f85705d3dc45
sketchyt04,16912569-42fe-48a9-86b4-fba765ba04dc
nether_cultist,ded89534-948e-4175-adf8-e16f9766510d
xxchickenpowerxx,ea52a455-bb68-4c8d-9bb4-518ab7741a8e
t0bymc,d28532d0-57a6-412f-b5cf-7b019ce8c004
sadutchman,23bea0ab-93ec-4faf-9890-6019577b31ab
wavefusionz,90b17602-59e4-40f8-adeb-a7db0bc55eef
patton367,47ea261c-d572-4d93-b148-f0adba7f906b
frostybowl667,da5a0d02-95e5-45ea-a26b-74e801514f8e
pengiungaming,dd1ad060-e18c-48dc-ab1a-3954f8a2c46e
dil0n,a5e49e4d-1b99-4359-bd95-1b66ca7e5430
smallbot,b4027c19-16ab-4fcf-b602-155ab7b16767
mr_bigglezworth,f2a88f1d-611b-4455-8bee-88d560349495
lordincubus,beaab012-bbb7-4f27-b2df-68ef5683155f
ri5ky,bd0edd96-46a6-46d1-b538-22ece704b80a
fifi_the_unicorn,a67df786-6db6-43ef-8c17-c889e24ab6b3
balisticwolf04,f674b295-207b-41ba-a6df-fa5248051e4b
catninja12358,6641b4ef-3d46-4fe6-be6f-2bd9aa6ee22f
tatertothotdish,64cd6d4c-2f77-4524-95a0-42a532520699
awesomechick44,e08c366d-c144-4df3-abee-a930b7d0f467
magicpqndq,138a0023-470f-4ca3-a853-4924d94619c3
tora_white,31805556-9d0f-48cc-a4e5-cafae48a6308
gilligann1983,57fd5d5a-3d5f-4433-8ade-1d46c521003e
alexzander700,08a530f7-07d4-4a89-b430-6ec37354579b
waferknight,b34a583d-be84-41a8-b8d0-e9c5987b90bb
pandanini,4756d235-2213-46ff-8280-0a7c38102f70
sybersycho,3a85cf74-2a94-40cb-a9a6-24751608931d
mrscleitonic,570b8299-0a72-4922-9566-0056428aa70f
sanyay_,1eaa801d-213e-4d55-8fb0-a8111c550966
crizzzzz,c3bab28a-a381-43f5-9176-1fe176081d3a
fl0zzy,658031d7-ddf6-4b4f-b144-abbf7e320097
1gq,e47f7150-6516-46d1-87b4-ee6f0de94f54
diamondcowman,9fdf4db6-1b7e-4e21-972b-dc755af52779
zestytopher,8dd0083d-19b5-408c-a70a-ea0b85706b1b
lightning_blades,178b75c3-5c7b-4449-89f7-c01dd04ca57c
adzuboin,2c5f1244-fe0b-48d1-abdb-bd48574b772e
bibitv,ed84002e-be13-40a2-a566-cac9a4e7c2be
hadokken,7b0697eb-163f-4516-8dbf-4d2112507601
mats048,164119c7-1e93-4d89-b526-c0082dcc9e0d
reggiesnewleaf,8fbaad35-905d-490c-b559-2054c3c4e798
kil0byt3s,c588b2f3-3fbc-4ace-bfdc-c44a503a4648
tuttifrutti05,0eb07ee6-447b-4d51-a276-9ddc8f8ba248
k1kse,74e783e6-8fd8-47df-8cff-1ae568136235
dburgd99,d93155b6-5844-439d-a4f7-fe6487807d2d
heyitslili,d7f1eb8d-1a5e-4748-8f58-0353bd9d97a8
chocolate998588,7075823c-50bf-43e8-a8f4-07ed5144336e
kathbris,685f4b14-0c04-4aad-b79f-38fb79574553
overlordio,27b4190c-64a5-438e-9e92-3c5a5688dd1b
kirito9979,b2406542-1eca-45c1-b411-b66f31423f74
mollyofgeekheim,a13bb6fc-1a4f-49f9-a45a-340abe79f570
vewyadowableneko,dd249422-a877-48a4-a87b-aac58277106d
lordbandaid,f85c9162-d1f3-4ef5-b830-5afd0fcdb3ca
avianreject,e903d7b8-fe7c-4ef3-a83c-3695519be67c
ekittycatp,a4e4a59b-2bd0-4ac4-b732-1551c863fce4
kcaz_,3c408fb8-b4cb-45d2-aadc-83b515def728
pixldaddy,be2258d4-8bd7-4c18-91d7-a28115d01277
flowerbombs,1e5e450e-25c4-425d-b195-368e4f2e3413
bluecheese_bill,82db5dce-a296-4607-aad6-7da6a8a9382d
iwasleftonread,7d9b3ec6-f8eb-4264-996d-992d553e0d31
lilbro648,5c0dced1-dde1-43c5-a011-7018400b33ea
jack_the_ripper1,faafed92-4bfd-4139-bca3-55553b307a01
nscott,4387f18b-3e4a-451f-b9f2-6d6956e017bb
owlscar,a07ee785-3be2-4845-9354-c276cb5ee6d7
hawklily,c0690000-0821-4ef9-a7bc-36607e4a62f6
disabled_rice,fb5ed568-bed4-4928-aeb1-bca765268232
jackeel66,7b956a01-3fe9-4891-8047-27dc4766ae87
dapperturtle09,deec9051-670d-4d05-95ad-6c435f0ad382
drewmoo2,2a19e48c-d22d-4144-a209-5edc9d04d05d
dani_dan,831895bc-02bf-4d18-bbbc-4f47b53234b2
shortizroyal_95,f96f0b82-7c7c-4815-b321-7ef3810a37c7
siralex72,7a340c53-9856-4a39-9fa5-1eb30a4e0f19
zostera_,c0690000-0821-4ef9-a7bc-36607e4a62f6
eternalsmelter,2b9ef3c3-38b0-4f3d-b944-90393cb75247
noobplayerone,92b74399-3d3a-4f59-97cf-08dd99f516e0
oxlf,4df444b8-f973-4f57-877d-1ee2e464aac3
vanishingblock,34fb6185-b4bd-44f4-afc8-fca35a13dbbb
bluecrystalrain,c7357c02-8fa4-40d4-a84d-459dfe2b929e
fizzisdumb,3e10c128-ea01-4707-bcaa-f8718cd48ea6
vineyardtrio,4c8f336f-a3de-4b6f-a1bd-24de9f70687a
jaythekay,f0309ecf-2ea9-4a90-bc15-315692d2fbc1
_daddie,755bdf85-d0b5-49ec-a300-e900690d65e8
airvengeance,59eba12a-19c6-497e-88b9-bc9cf130d9b7
nether,e10438e4-797b-4971-8cfe-cec6a8fa171b
hunewerl,7b0697eb-163f-4516-8dbf-4d2112507601
realskygameryt,b8f35c6c-1720-455f-bf65-4e330bcfbcce
missingno9,95e30132-d6f8-4094-9185-90b678202f38
katpwnicorn,061cbef7-3fc1-492d-b034-a5dbb0590073
grubite,546f6d2c-e5b1-4c66-8bab-0fe88d0e115f
themapper,956b0f19-a4ed-4e96-8fb2-e953d90f91f9
ajakks,a022a981-ce41-46de-8dd7-90b7780fe473
hihungryimpatton,2cbaeabe-404d-4fba-93db-6c96c8b30656
markze,4d41082c-c00d-4505-99df-f6cff28b5e32
totallymango,48eb95f9-f4c8-47d9-ad8e-1fdad0ef7743
asleepythief,49226263-82cb-45fb-8eb5-7592cd94f187
candytheotter,07c22b34-c700-41d9-aaf1-8c267e4f9916
kiralonely,29ddc5e8-4518-4ddd-bba4-ac12919c2f4a
earendos,b1d4d15e-af79-43c7-aca8-dbbdbecc55f8
cybercat,b211cfc9-2692-4f65-8dd4-89aafc56a1ab
thenew1011lol,18960630-18e3-4c8a-8f55-5cba76e25de5
sspecific,a3bee8d4-e0d7-4285-b464-38b0a410c568
obambulate,80c4f356-c4eb-4720-bb57-a4ab7fd71018
silver,410e24dd-018e-4fb6-b021-2da42dc64b16
ultr4anubis,4ff9a9f1-f0d1-4e7b-8ada-9d1c1b783ef4
vincentslay,52028742-9874-4208-a918-e37b8b9223e3
cheraph,265e0e5f-f3b7-45a6-905f-c5b0011860c6
pandapotetenbob,d1df9765-f11d-496b-87a8-40765b0f6aea
zanzindorf,fc26cdbf-d7d7-4831-96c6-97894f588ccd
omniflas,c923a437-4722-40ce-9203-561237fd6f03
crescentual,5903cda9-ed18-453b-bf3b-c534767d3f1c
twenty_fifth_bam,5470dd27-c7b0-464c-bad5-7f965c44ea80
fen1kkusu,96c091f8-a20b-4c68-869e-918f3fb73241
thaniz,2808bb85-9bfb-4654-a202-de8ef32cdcc9
_subsandwich_,cc965e46-75c0-43e1-8b24-9649f7f66dda
gregdude,07cc2ac2-56df-4f2b-9338-92ae414d7a9c
toastyhamster,fb66185d-d303-4305-b68a-4a316adf80bb
mustek2030,978e231c-7eb1-463e-bbcd-34437734247c
weedzy70,2328c0db-49b1-4854-8edb-5bd04ca9d67a
kittybush,29a10e0a-f46f-4b0c-8f79-a4af772ccfa9
neonovi_,be815f43-8b31-4f11-877e-3533f378eab4
kirito_kun99,3e7a8fb8-32bd-4c68-8894-2c6a484420d3
danthewizard,e0d92871-4ad1-4885-a2dc-d5daf331b8e1
french_rat,306f8713-0443-4e5c-8646-f89922cfdc18
hunckledorf,01a882da-a689-4e97-b271-f04211822456
robopotato1,94959bfe-0e7b-4fa6-9ed7-cd09f63231b1
jaimys_007,aa9dfe7a-bfe9-4d1e-a9e4-d6293fea6882
tha_gunson,77fdd900-4bff-458f-80d2-90ce89e4daba
leldepoule,0fcb4798-4176-4737-bf8e-4a221a4f7ae6
mikeknight_24740,3e49e5fc-0db3-4731-aa84-a04513b2ddf6
phant0mz,def7acd1-f20d-4a30-94af-78caa2ac2d12
14spam,82619ac7-1a23-413c-8b83-468648f8768b
thestormshouse,8bd82ac6-c433-4fd5-97cd-2f23b40e0e97
ro2_,7b81d241-0248-42de-968f-f96815ca7c86
itsdiggaxd,110cb6f6-cdf1-4b2c-b21a-11f67773dabf
kitty_craft_game,3e74ee59-6310-407d-bd82-1e1e644cc4d1
lilfronklin,a4e10f7e-ecec-4ddf-8fe7-e87b3180f6ea
stegosaurus12,eb966c79-9f6a-4516-bb68-8120dbe5863f
tonithepirate,436947d1-13f7-445d-b20e-5431f9425286
gibitg,95e0afa5-3e6f-4c7f-a783-02c98439c9f1
willrun4fun,7fc1f070-a385-48c7-bfce-bcd0a365d1b4
bobby247_,97f71a93-f6dc-49e2-a4f2-4bda34f4e3fe
ethanar64,8a915d2d-1429-41d9-ae0a-9a7c9ac4e707
stafvdv,b50ea332-8958-4005-94ad-58c614506de2
phaengel,4a9ba703-a090-46c2-a317-c901a700c11a
bastian_xd,9b4bddb1-3785-4228-837f-8a45d6a3ba5e
chreloth,062fd0f9-fc7b-4958-b179-e84e4dd1efc5
adamofgeekheim,2c7f7f79-e26e-458d-ab3e-9f1bbb98af60
derputzigerpsc,c79d493f-3411-4810-a729-1062c24cf58b
aqua1_xd,dc8b847d-53cb-4bbd-a5fb-3e01edf52f8a
geowilzu,2c4f7393-8849-4199-ad37-d0fd84d5ab23
ribz_ex,5327c691-a0fc-4ca9-95dd-d169c9043ad6
0b_1,3e62d69f-cece-460e-b102-576649cb56cc
autofleet4429,1a1f2688-5f4c-45d3-be3a-a3f8d4dbad49
retroospydey,3e49e5fc-0db3-4731-aa84-a04513b2ddf6
kravaflex,ab374eaf-9968-4623-88d4-e6d65703d0cc
redskyfin,f9e4fcce-cf7b-4463-b87b-8425a23425eb
cohutt,6aafc45b-9124-4a11-8541-830852d08461
itslewisgames,4ff9a9f1-f0d1-4e7b-8ada-9d1c1b783ef4
phrogg_,12c12a0f-9268-43a6-8eb9-58edefd15e9e
tdog590,88004ef4-f32f-4fcf-a8a1-26617924e901
mzb2579,0fed650e-6c90-4903-834f-8f229fc264cf
masterjackonyx,f625cc41-c7c7-4971-a0e1-79aba1ebd37c
syntactical,f24eed2f-8436-47fc-bcc6-ce70e08924c1
tenbitbunnyy,eb6bb34c-22f1-4034-aed6-7f6c0f3d3dce
kenshin13850,ec6d8ae9-b0ab-40bc-9945-3795b2d6a84b
pandagaming14191,d9485bd0-109a-4695-b769-ac94fdc4351f
alphaboy15,0fa27cae-77d0-4b4e-90c0-b641b43ac8e1
idaylightkills,6070ece7-c42a-43db-bfe4-124c67b251f8
shinythief,6abc383e-490a-4661-8260-c27020632832
dodongo_hunter,d5d75bf1-f2d1-4383-a792-dc8444abed47
policedog383,3eb6c621-e651-400c-b38a-b588838dfb2e
storytoastie,f0b768d2-27a0-45b5-abdc-6943e4754677
veganwargamer,a1e9195f-826e-4882-b2cf-956a6374795f
craftwolf7,02a70547-5595-46ed-a12c-58491bc38ce1
danii_xd,39fe28dc-2f03-4a92-9cc6-17cc1719132d
iamjokingyt,08326faf-15db-4f09-aeab-643c7e4b5970
thecliffhanger,44bdc022-e085-4804-9458-c1895b5406ae
big_funny,37296ec0-4a40-42ba-b018-fbb98b0db96a
saltymilkpigeon,e0d02e52-2977-4917-8728-e69960d7a57e
carryonkk,2916f530-b256-47eb-8b16-afc79b3dde0a
roghie,594076dc-567f-4fc1-9cfe-f772004b0d19
cyberpastel,feeb2c7e-1dc8-4321-97f0-90c9ba412cbb
paddybeau,f9ac3a61-3b66-4255-9129-5a39801fd0fa
thesleephorizon,df6dcbf0-ce6e-47fe-b797-b3c83ca0b258
tombojack123,99cfdd00-32ed-4eed-ae89-849e9b490aa2
xxzombie_craftxx,babb15f8-2ae2-4377-a83f-57d51b9eb338
feelgoodgamez,cf4491a7-5090-40fa-8c72-708c087b5c47
emitrules,ee212adf-fbc4-49e4-8c96-0be895e4d237
b3artastic,764695a0-a1ad-44ec-8157-f79940fe81bf
bozz99,691ebf1a-cf7d-4401-9c97-26d81c16853d
spooks,5f36331c-a7db-4f13-93b8-c0d73bc02785
decimatejsy97,3477bd22-4220-4e58-9fc8-c367ac131643
imtooshort,703d52ec-61d7-4911-aaa6-20137aaa40ca
iarcluxi,35d821fe-e600-44f1-899e-1a0c05e19ac3
dragonmasterash,2beea6b7-e4e7-4abf-8cba-4b92e087b476
jocraft_hd,e6f01256-afe0-422b-8695-a6e9d26f56f6
mineboy10987,a308dc44-fb5b-461f-9489-f4df3624a99f
peaweeeeeeeeeee,f220332c-9fc8-442c-a97d-2a1c97c44b85
dragonmastrash,3882660c-02ee-46f7-8c65-0e99c151407f
xdins4nity,f315d670-2474-429e-8cab-ce546884a97d
nionium,aff25044-3ba9-4fb0-8072-816f7ccd1016
sappigkippetje,74580b27-e363-4c95-955b-67e0fa3147bd
pejp,3b476c6b-7dbc-4f71-9cec-9a3d0f762dff
thesilentbang,eeb8a690-e51d-40fc-9a3b-a53cb8a9a2ca
teaches,14a38230-9147-44a3-af68-214de5e2cbb0
emilkarls,57aa59f8-5a7c-41ca-a48f-eed2578c715a
eitan321,a51a3e8a-8d68-420a-acf6-a1dacfc3f7c0
netvirus101,c5ef87e1-8e31-4f9c-8aa3-f6b9eda4aec7
spyro_2006,12503e9b-cc91-49aa-8068-6c9292ead681
__yawn__,c8237bd3-44f9-479a-9420-7110136c7e05
lilszoog,b9a1fea6-ddf4-4aee-978a-0c57ea53e87a
whimsicalsolomon,8dd0083d-19b5-408c-a70a-ea0b85706b1b
blackmonjet,449c60d5-d63e-4588-b17d-3d325412c724
frankie,478d0988-b6eb-4e99-b3b4-a0c26a416b49
jjgg352,5e4c07ee-7284-435c-9ead-ef50fcc6071e
timeer55554,e5db5eae-18a7-46eb-a5a8-dd1dc474f033
wekzz,30883e17-464e-45c0-8748-b628278fd3f9
chiboski,c0e7b80d-d897-4a96-9841-32edc25503d2
hampasu,994c03b5-9d0f-40df-8439-62c83df468e5
sebasa,3e10c128-ea01-4707-bcaa-f8718cd48ea6
vggamingdaripper,e9dc5d6e-a7eb-43bb-b0b6-701759d0dfb0
basicallybea,5e4ced2c-b90d-45c3-81db-984d2a4d1303
nolenwalter,3ef9632b-87fd-48a1-86b9-f387f878eea4
pcboss2003,b3069210-bbd8-47d6-b211-67e1390d5674
rhaegaldcs,0fa5847b-11f8-441e-bf4c-96e0a21268ff
yaboimason_,d7f1eb8d-1a5e-4748-8f58-0353bd9d97a8
astanaiscool,70b0d894-8d4c-43a2-882b-6084cdcd7d27
squidhomie,2430807c-a0fd-46d1-a98e-8212087107ea
jansennerd10,d495ba7d-5fe4-474d-b815-d185926788c5
flamelife,141ef598-2f96-4beb-837e-4a33719706a9
maxterian,fe103fda-09f0-4096-8b8e-8e8ae2126a24
kyle234567,d0ff6a72-6341-461e-9dfb-559124db364b
emilwinter,609b7acb-eb9e-441d-921c-a72dd737bc2e
bearlover,4b571898-bc8e-4883-b1de-535fb0226b04
deaddisc,1b383337-d50e-4bae-a6bd-4cee747bdfb0
dezmodian,8f2114fa-5423-4b79-9e05-55c1890ad179
jumperxxxcables,3f473d62-9937-401a-9474-8c602a2a852b
mandrewseg47,3f6f964d-c978-4313-9bff-a0a94a0225c1
artificialyogurt,28cb660e-4793-476a-9b2d-7255aafec45c
jessicaxx,5c847cae-fa22-43ca-bb11-855c175128b5
noirre99,148029c8-1a0b-4f1c-85be-f3b9a8708853
spookymells,183dedfb-3b42-4175-a3fc-49f5049de2cb
sangot_,ba1b69bf-472b-481b-820f-38799b7551d9
paulthewolfmc,c6804c52-c3e9-448c-a916-c98b08fd4d52
thefurryoc,a665d645-6d09-4d6d-9234-9c9073a78654
xeravik,f203544a-271a-4150-93b7-c018ee099945
aquirin_gale,d9bb187e-140a-4914-b884-a6ef2a5bd505
kaewalla,1a7d9c2a-2538-46ad-bfa0-e782b353dcdb
bethjade_,04f74b0a-8f05-43be-ae1a-95cfdbf10b65
kalebgonenuts,703d52ec-61d7-4911-aaa6-20137aaa40ca
ikraa_69,b5dbeeb6-4c87-4bbf-be6c-ee31732a1339
semandemon1,3e10c128-ea01-4707-bcaa-f8718cd48ea6
hugoj08,a81d949e-a7a7-4bdb-81b4-5b2cf33ff004
sektrif,877380de-3b71-4e8e-bb34-f334bf5696c0
kiwitztone,87984981-94bb-4a1a-86c5-6793eed76b8a
meismi,dd862a58-d285-4757-b151-218a1ff86bf2
drusuf,269e2227-a7cb-4749-b488-f1143a95cc20
hellbentone,a8012c73-86da-422f-9de3-d65736a513e2
jestbubs,93294456-655d-4753-96a0-146922e98b8e
cherrykiss820,ff34c396-47b4-4161-be47-e5ca31f1387e
flesymmc,94959bfe-0e7b-4fa6-9ed7-cd09f63231b1
mrferb,b3256f4a-c2c0-4a69-b145-946e43251ae7
oolibloxoo,22cda29f-0479-4698-9d06-9a1415332dfe
xuped,c5d0efb7-a3a0-4f9c-898a-39002028242f
inkyremorse,6bd9fa4f-ac14-4758-ba6c-23238adfb177
galaxies18,1285db53-103f-4f09-ad04-d751d047e176
gamingmomma,d32100bd-a288-4579-b579-4bfcbf356109
dah_argonaut,4df444b8-f973-4f57-877d-1ee2e464aac3
iamsenpie,40c050ce-2e55-4032-9ce8-4f5f3a6ca087
true_bidoof,cce4443a-8004-4a6c-9821-f6929193025a
softkatiex,c6e546f0-b001-4482-9841-a128a305df1a
yoloyussuf,05fbeab9-b446-442e-af2c-ebc384438bf6
drillpigdani,39fe28dc-2f03-4a92-9cc6-17cc1719132d
steeltoad,81df1c38-9b11-4469-b04c-95f025f63f87
yellowthanos,c8237bd3-44f9-479a-9420-7110136c7e05
kirkytyr,f8964c02-520d-4f98-99c5-be98ffa96753
strategia,2c92b4a5-03eb-436c-9f36-9d3a9b95ff4e
twitchhatested,3fb7df63-1219-4bfc-a0fa-271faa3b27f6
peppw,c84b41eb-bff8-4c41-969c-3cef3c7c6629
mericatherine,34329242-2759-426d-9c7c-902db41f0c80
trondoor,5488ef63-5651-4b00-9f3b-3902a7d9ae78
brozova,8e0acdcd-5cdc-409c-b3a3-501ab3b594e4
kaiyonchan,b498eb1e-90ba-4a38-83c1-eeea523daf4b
typhu,cb5daf59-75d5-4eb4-addc-8bb8425d8cb0
neednowards,33d63c88-25f3-414b-a9e9-f26399da05b1
boybrainz,aae14f92-cbf7-4175-85b8-12290d1f7dd4
hi_budz_yt,058a1a10-0af9-45b0-be2a-73e2ecbeee43
kaufmanniana,069ea3f9-0c77-493f-979e-cfe5aa2e66e2
pigeonhawkcc,cd41e558-87ac-4112-a1ca-ec970ba3dfa8
isaac_playz1,53b821c2-5851-4232-8b6d-ba8779270e59
t0ink,b2792afd-1cd6-4db9-bc09-d167e427f5a0
piggyjop,edfa3747-175c-4f05-9f28-3edb24c44f77
gloolax_,f82b957d-1975-4202-80ea-ca1fbcf2fd2d
auroracam,51f91276-8e32-4c5e-b376-11125f39f76e
wadiasoft,e1140048-8de3-493c-a66c-7c564c6c03da
countryarrow,3dfc89b4-7e97-49bc-bc9f-433dbdc3fd92
xtremechasertv,83bb6dc2-18b4-4234-8d20-63d20b42430f
samgamer101,d57706f5-ef67-45d4-9af0-79b1afa4b910
thefruitninja99,fc58dc1c-5a75-4227-a19b-08c787d290a3
mc_superman_,f780cfc0-2ddb-40f0-af37-4aa326eb3996
sonicwave_,243d44e1-ca53-4672-8f60-93f323a17d1c
silver8761,15cfe7ed-e7b0-4f8c-996f-7b0ba7312f82
strawberryjam218,56c1c21e-61fd-4219-9a12-85d968c62027
tyler_z_crimson,2af78b5b-a742-456f-8735-cd627f56dc2f
chris_topher02,8dd0083d-19b5-408c-a70a-ea0b85706b1b
ghostanimations,703d52ec-61d7-4911-aaa6-20137aaa40ca
lovelywo,503851b9-baba-4eaf-95f4-91f322ef9c47
silgnon,adca53e5-221b-4f25-8d89-35be2ba9a3ff
freya_magenta,05274fc8-3b7a-475d-9786-1ca1ef46377e
gypsy_goat,8df10f02-ef4c-42cf-acda-197c273122ed
thinkpotato,b9a44cfa-691b-48a4-b8dd-5007e65973b4
matt_h,8cf47c7b-aa42-4ec8-a48f-d3938c6f8a69
froggmxc,705587d2-7b16-4697-8b5d-3b36140e202d
thefoosh,d59b31f9-473c-49a2-aa60-3fade5dac342
tswagdog,1cb484ba-fa49-4e11-91eb-cfca0b7943a7
barbossa9000,ed4ac8ab-628c-488a-8dd3-a2cece8bb1f9
golfzeal,96a15b8e-0afd-40e5-8416-e2fd05f82e47
vellathevaliant,5ed81009-a310-43b7-8097-ed309341baa4
jackvadar,7a9d1cf1-1b9e-4472-bf1e-91900fe00076
jdstealflexx,3c1fcee4-7d43-4ace-93de-cddea2553cd6
cooldude_95,bc293575-3436-480a-9a36-2f50093774e7
edward_rossi1743,f716c826-1f22-436f-82f8-ff1bbbd08d5e
knugenwho,0d7f00b8-e800-49f6-a678-347b8e1b4bf0
masterchefleigh,c6734825-eabd-4748-9414-56969e0a27af
jvraap,38ab2b3d-588c-4b27-82c5-97944f45db54
nimbus,bcd9fe52-a909-4ed1-8c31-4f5097ebcdd7
lxmilkshakexl,41ac14a3-4d86-42f8-a026-0ccd22ba6635
silvergemini,915049ad-586a-4a44-bf35-43c4d3a775a4
talkietwinks,9db2174b-07de-46c4-9442-f816de85e155
theorangeraider,172eaa94-93c6-4ba6-81e4-f81311422570
beekaygodd,b31cced0-1a45-489f-baba-7f3079d2d7e1
poopenflaggen,59011786-e1f7-4185-a0c9-c3a23431e1b9
irishrobin25,0d5df945-2ddd-4855-ab8f-14c998df0ebd
poyzun,6215f9e2-c894-4a22-81b6-cc672cbf5944
codmaster12,6abf0bba-ea96-4fdb-ab30-a795cc6de7a9
streifeeztm,d3c52a10-a54e-4750-9923-c579a5612ad3
avocadocomrade,1bfbc341-869d-4be8-a008-3e7d58b32833
pablito_juanito,ce7dd7af-f448-4852-9f25-62476e0194e8
m1n0r6,fb5ed568-bed4-4928-aeb1-bca765268232
ettiethegiraffe,6373f462-fa68-428b-a914-ce9070de7f92
hurtswenipvp,c1a4a0fc-403a-4243-aebf-58a7aba57eca
lordsk,cf42e902-fda8-4295-a701-1f3bb8afe222
matt_lavendr,31805556-9d0f-48cc-a4e5-cafae48a6308
ollie902,b0384c77-d903-4646-91dd-ccd3719f3bfb
mrgoldenage,1e86e8a2-9163-4944-b1b4-fe930cdd3bb2
msdisappointment,306f8713-0443-4e5c-8646-f89922cfdc18
huntlorgaming_yt,d69de5b8-f905-449c-92e2-35d0969f27a6
apetrunk,68ad9432-3078-4ed0-9b27-3033137097aa
coinscratch,1b383337-d50e-4bae-a6bd-4cee747bdfb0
forced_content,c34db3c4-190a-4df1-9a7f-70847d15563a
haavo,364913da-8875-4ee1-892c-dcf26c22167e
litten173,c8f44ff4-897f-4ffb-b1ea-7f66574e9d86
shadowspawn1357,a705e586-5055-478b-a7a6-9007f06509ac
epicplayer,30dfd96f-2f83-40da-8eb5-78cf66d6e338
umjess,5c847cae-fa22-43ca-bb11-855c175128b5
mclaro,53b74744-ed2c-46ed-a332-1b18ad139a73
miceol,c4245c45-97e1-4a74-9992-b71866346642
piericky,ff1cfe90-09ca-478d-aa5d-43efc7acb62b
prometheus11905,9166220b-905f-4ae9-b576-7305383181d3
starladreddits,dbabb281-209d-4df5-848b-298d8665721a
zodoturtle,e54f88e2-3baf-483d-a9d0-2412aa8e4f32
spooks28,b967f6a8-545a-4e42-9bce-2aba25c02ba5
raps0dia,0179a09e-018f-4bc4-9f62-547b0a72f202
kotie,c87eff2e-67af-434a-9cb6-f072a6e820a1
micksonger,b97d8fb2-be19-4635-b286-8836411d914d
officialbanana,7b58464b-20f4-4adb-8ac4-ec46e7e7f02d
voltrone,72d9a4f6-d1c9-4875-8107-f2401eac972a
pridepooche,408c15fe-d066-4963-845d-8e90f0f601d3
spicy_potato7,dcf36b0a-6550-4b56-93d6-f105845a8378
collo2101,3877d306-8afb-4061-a1c3-f8d86399acd9
fearinglots,dc24f342-8b78-4dfb-9d16-958d90db0a6e
lilstorm24,3e9454a5-00b1-4675-9e76-5dee34c6bf85
stevoeie,2c45f78e-03d4-40a5-8d89-0caad8536625
gloolax,bffe236e-fe9b-4927-afca-a622b4521249
quantumgamer,1c725171-dcf0-42f9-976f-fde368101da8
ganodias,be5bbd29-67a9-498b-b477-43733a54d53c
equalizedvenom,a9937948-5416-4bad-8082-7fc57b196b27
gingershavelives,e74385a5-9be3-4c44-8cf0-5eb753ed4064
mastermozart,de813b94-8a0c-4131-99ae-4d29e750e54e
zealousquiche,fe397be9-baca-444f-b622-152524b18256
eatencookiebyu,27ead87a-a9b3-47fd-a855-a1bc1759c5cb
boilgeoga,f9fd911b-9962-48b8-9e5e-74da04ae0d52
lycian22,6437eb1d-29b6-4d2c-b641-e8858bcc1c31
c0ff3y,28a43808-ca2d-4480-807a-42edebe22fa2
commentsection,469a7697-4e6f-40ad-9d74-0a96bbf17b54
throw_hands,7fb577ce-171c-48d4-bdd5-c3aab9c9e9b2
satanicapple,b2383a11-5edc-41dd-a438-3a7e7a06886a
arskaboii,f315d670-2474-429e-8cab-ce546884a97d
mrphonoodle,0e2f6d47-62a4-4896-bb3b-be408382972e
modmakerman23,bcc3bdde-b397-4543-9576-e81d015f93d7
noneckanimations,703d52ec-61d7-4911-aaa6-20137aaa40ca
adamducklol,a1cff6bf-6749-428b-8c8b-076fcad4ed83
itaneli,b3a00b59-4a35-43ea-a821-522f64e45470
roymind,9450f626-72ff-4482-8e14-1786e9cf4398
thegraycactus,cc89c244-ce2d-45ab-93c2-de6a88f27e04
karmaguyuk,29b44d6f-3294-4056-ae4f-e715463879ac
kklumi,74de43d6-49c5-4be4-a2a1-08730458dbe3
august6th,8c87558d-b1fa-4912-b8dc-76678b94789f
dodsforhandlare,b967f6a8-545a-4e42-9bce-2aba25c02ba5
blankk1105,b9c75ef0-c250-4442-b933-3cff55cb4fbf
gnomey_underhill,e6667417-e965-40bc-aa68-620044776ad4
adee45,985d1d49-0b19-4a45-8787-a7db662e14a7
steinnkorpr,497f3d4e-0430-44b3-b780-85460695b8a7
alyssajolt,feafaf74-db8b-4b2a-8243-f71a4bc9dd53
dewott3,ddf39b62-9899-4914-b487-b06526c3a48e
neensheep,3517ecbf-d386-4aee-b40e-f7c48def542c
spagefiend,99446589-fcbc-46ea-979e-ab44b9b4befe
ceentz,a14aefc8-741e-44f9-9b52-e8a3dc59049e
jmzzl,129f1f8e-f493-4831-a137-47a762268ab7
skyytheguy,ff5b083c-dc69-4039-acd0-11a75a597855
therealliquids,587d0d1d-9fcf-45b7-8821-d1c67390b468
erichu,8293fd6f-f956-43f5-b758-def62e0ed5c4
rcebeca,c7039a3b-8f2c-4612-accc-f9ca2a1a9932
emolo14,7506ff69-5439-423a-86d9-aa025fd33f31
jonathan_024,6373f462-fa68-428b-a914-ce9070de7f92
uncle_lego,9b26c593-989d-4064-bed1-8af5496a200e
yoplex,089a20d4-012c-4738-b6da-f162e5c79d73
ganpio,4a294b6e-6899-4b05-b7ec-df7dee19cfb1
vijo,bb869b9c-ac6b-402c-aa7f-1f17bf4af1f1
ibryannn,fa327fd9-64ef-4e87-95c7-5229bb2d303c
mr_black_hat999,f558afd9-7113-4cea-9c33-ab556074b0cb
sleepinghorizon,df6dcbf0-ce6e-47fe-b797-b3c83ca0b258
ekiss91,ff34c396-47b4-4161-be47-e5ca31f1387e
nohacks_justskil,faafed92-4bfd-4139-bca3-55553b307a01
thebarista,dd249422-a877-48a4-a87b-aac58277106d
jonasfromdk,89fb3bf5-4039-4872-a510-d48def9ffcc2
karakarai,2916f530-b256-47eb-8b16-afc79b3dde0a
saysaygaming,77f44827-89ab-41d2-af64-bbc96639ed31
jumper23432,66da4e29-99f0-4e3f-a4f5-0d4e1d8d4aa7
marsbar,73404be9-c87b-4b95-b83c-06374f952a5e
nekocon,6bad498e-d1da-4d3d-a6e0-7d5b9e62655f
ictito,a21947b8-a02c-4999-af6f-63cb5105a883
toxicmasterxd,22c65707-082e-41ee-976e-776fa7f12524
vanddriss,5548018f-043d-475d-bfb2-185471829f40
ballistichamster,dfe06b5f-313b-4783-a209-b28718713d41
samhedgehoglover,d57706f5-ef67-45d4-9af0-79b1afa4b910
187guigui,589c3930-e267-4a70-bc48-c01c5a8e58c0
adhockey66,067a8794-4fb5-485d-be00-d4dfa57e73d6
mindedisland606,337499cc-169d-4cd8-822d-7f88fbb739e8
kiraramen,40c050ce-2e55-4032-9ce8-4f5f3a6ca087
worldcreeper4,c9e5cd53-2465-469b-ace4-5f1409781cc2
awsomegame294,15e94047-3e82-4ff4-a178-9baa67ae4e01
glaciesignis,cfc25bd8-9503-4877-8d19-a9d6cbee2989
deathkiss99,ff34c396-47b4-4161-be47-e5ca31f1387e
lulclals504,03ea7047-5515-4074-a7b9-0355f6f26041
blurpld,7d9b3ec6-f8eb-4264-996d-992d553e0d31
voidaxell,2d80409c-cacb-4b4f-a089-297553e1c2c2
binkie85,20d45af4-8483-414f-ac76-d8947fe58f87
cristian_galarza,3bc5b3f4-30fb-472d-a4fc-49fc4bb857ba
warwolfcz,24544400-6e81-43fd-a6f7-1fcd2142f9e1
susimusta,af90ff51-5406-4f2f-9b41-c9d2bf5c82d6
kingmickey00,bfe5fd23-069f-4763-83ca-e144145f18b6
lujaka,8118a81a-7ae5-4745-bdf6-b8c15545f16f
thejollypanda,29397912-5d25-49a4-abed-88c0589e0156
freekillz,a08e35d7-b8b0-4517-bf0d-35aab43fc256
beanpole99,c2f7922d-1906-405c-85fd-afe709c0f2f1
bobby_247,97f71a93-f6dc-49e2-a4f2-4bda34f4e3fe
epicplayer9900,b7c37873-34d8-433e-948c-be8047b18759
lorddarkfang,f6e493e4-cad1-46ea-b22a-c9d9056bd7c0
chickenpower,0e067a72-09a2-405a-8e35-d363c1b70dea
dolphin36,eda39b87-e31e-4a1b-85b8-2da33faf0876
oocoyoteoo,71097e89-8727-4999-a8f5-97d75e585801
caledsa,dfba1e85-4392-47a8-b8fc-925fc1ae7beb
coachdestiny,568b3818-835a-4fab-bee3-ac35730c6d63
fractalstasis,a0738f5e-01f1-4a02-9817-344855f358be
dragonslice0310,8ffbdf01-f732-4d50-9026-d687181f27c9
s_wayve,243d44e1-ca53-4672-8f60-93f323a17d1c
bryonyk,7ed462c6-1b11-4ecb-bcbf-7cba58d3e6fe
esoka,6ec6f9b0-c1fd-4f0a-aaf3-5fef4d0a950f
duck4cover,7d9b3ec6-f8eb-4264-996d-992d553e0d31
bourbonboy,0ef0a414-f1bb-4d4e-864b-f7d20a135c4d
chikinbizkit,e4175a7d-c7d4-4ef2-b354-cedece68fdda
landon_scripts,f24eed2f-8436-47fc-bcc6-ce70e08924c1
thelols4,4ae287e5-c9da-4b41-92f5-482bb201535d
ignonito,4de7e8fb-1a4d-427e-8bab-d69350c5ce38
ladyxdream3r,e8dc743b-f409-4081-bd7e-be6017c4c7d6
zimeri,fc2eac7d-435f-42f2-939a-e43aab2af1da
plagmatics,09f2dd5d-366d-4bb8-8e56-2d3ab2485b81
neoluigi,b69c6a1b-57a6-4350-9173-8bd7f038ad3e
0x4252414e444f4e,d495ba7d-5fe4-474d-b815-d185926788c5
texone,8b2960ba-50ea-40ac-b67e-bc485ca0375f
takeitcheezy,505e6c22-125e-41ac-8067-bd36e0d1a9a5
tortugasoup,26b849b1-a993-4274-980d-bae6b2a2fb12
rip_owo,ef73885a-1d2a-496e-8979-62242dccda21
trikeey,78b31fd0-acfe-44d3-a235-cccf953f3242
huntermn8,e538f940-502d-4e6c-88ee-baaaa6a69292
reddragon95,f7f9c43b-deb5-4e04-ade6-fd129a9cd81d
hexacosichoron,24ab551e-cdfb-45c3-8fcb-714e9aeb77c5
myfriend,8d1da554-4528-4893-8234-0eb327ef7d74
cycrum,3e09e2bd-6fd7-41b9-8e4d-37103390ae56
dj__tj,8694a5bc-fd28-4955-b1a2-85ea21195536
snownymph,3b2c2487-e468-4c0f-91a6-c781dbf10073
ttgnl,e063376c-023a-446b-af23-3974148ab82b
moseleyx,62ece74f-daae-453c-b7ee-2064910748df
rachaelclark202,b88c2c99-bb8b-43ad-bc8e-f15c3a7f5fb2
iphus,436947d1-13f7-445d-b20e-5431f9425286
java_cake,4f93e6a3-0dba-4515-b976-2b21dfa96c96
dangooopa,b7bb3492-cb92-4ec7-8d58-2e7ef6566220
tenbitbunny,eb6bb34c-22f1-4034-aed6-7f6c0f3d3dce
rotoj,3bae60f9-7db7-4547-a22c-05d0fd9a5596
tht_awkwardcraft,c0d7fb4e-2e19-4012-b7bc-b414af971910
psychodelicgamer,56ecfe3d-510e-41c8-8dd3-f109fc0ef9eb
magicaltoast,bbd3fd0c-adf5-4eb6-805a-00fa93e4d42b
abioticsine,2e3850bd-9cd5-4ad8-b37e-259e6cc17ed1
resevl260,58904341-9031-4871-88d9-a629dfec9c25
minnesota_toz,d3e05f74-1566-4129-b9c1-011ccfc80fcf
gabethedoge915,eafe7393-a861-4247-ac02-2655a6b2efa3
gamezcentre,f4ae37d4-bd3e-4509-9cb3-a265f8ede8c5
themoomilkcow,9e770c56-68f3-476d-98f3-448c0adb9790
sanswaryt,8e2eca4c-7919-46e5-9772-d577052ac7e4
crazygaming1608,22b6aa55-4290-4fbf-a27d-b8d5dcedcb76
xx_thegobbler_xx,77772c93-7cd6-4db1-8b8f-f99f1780fedd
thomastipsy,594fecc6-8a15-48c3-9bdd-b7bbf77fb8dc
harryayyyyy,f780cfc0-2ddb-40f0-af37-4aa326eb3996
val_eko,ae24cd06-44f8-4b26-9584-7246b8171f6b
gruebite,2c95cfce-2b46-4631-bc5c-ca5bb353c892
rocketotheknee,b25f2eb4-a9b7-479b-8f7b-1cbfd1a8c098
8superboy08,f101aa1c-595c-430f-a16c-559e81bbe2a2
pvtgomerpyle,17856ef8-7e5e-4136-b1fa-39d7a60d5bee
thehotdish,fc904ad1-6cfc-4e61-af17-3f9558b3b306
toonimations,25db6238-5bd5-419e-bb6d-5a5324fc4051
marsbar5959,c50b9ade-6ad2-49d2-8946-3a7b11b6f0f5
mrkurre06,403903a9-4e53-41ac-ba1b-76ef91a3dc8b
r00by_bot,be59467e-a3b9-4fe4-be8c-77d539b5e486
lemondrop90,c8488872-5afa-4292-8f39-7db0ad21ab86
taikav,e46a9087-be29-478b-bdfd-161948839486
ekimoyundatr,b2061fa0-4460-41d3-a7b8-2644218d12d9
kirbyisfat,bced52cc-15ce-4de8-bcc9-c4e50eb8f4ee
the_green_jade,31805556-9d0f-48cc-a4e5-cafae48a6308
xdiana,7a8a1ec6-0891-4a8d-a600-b58444d8dab3
simpleyinsane,d3809319-64ac-42fe-a170-d112b4b7bf4a
yaboilunar,29a10e0a-f46f-4b0c-8f79-a4af772ccfa9
youri188,07acc24b-3291-4e6d-bd52-673bb9c25713
lito2077,41cd7de2-ea94-4746-a2dc-ce2742ea1b1c
vintagebooty,8fedc4ed-0e0f-4edb-b1c3-92baa2180fd9
dog3tv,9b4bddb1-3785-4228-837f-8a45d6a3ba5e
upstreamruben,a1e01d4e-c256-439c-8ec0-60951e0f4a2c
stujos,314a47bc-23c2-42bd-8218-c28176039ee5
badcattitude,d9c6961e-8d42-4b54-bcd9-31be06c6ec97
aarticc,4ebbd144-2ebc-4f78-98de-cd10b415d824
ivor0504,7e766374-582a-43de-8bd6-143d0eea8d70
shroomshroomie,18eacf16-5d2b-42bf-9347-dcc739d817e9
biscutyt,4044cc24-f0c6-4529-9293-e3656057d952
oci_goofy,01c20b9b-7207-440b-a203-d27e2fb81d2a
suhrah_suhlem,4441468e-5114-4567-be2d-6b0fa6304d7d
supersonicgamerz,182f1ad0-6f5c-4404-810f-0ae9b3eb7739
saekalive,eb0fab6d-0608-40cd-9c2c-e16f53daf111
tobal245,ac74cdcd-fce1-4f4f-b17e-145dfbf92782
its_jaylmao,349c5320-915a-4df5-89a9-6595d187b9e7
pantyfas,2c44da3c-1310-46c9-9ef3-3f8541d11529
flex_boys,3ad61d4d-de8a-4434-991c-d17d589db58f
sicketjr,7f723ed7-5e62-4595-aab9-4f5f2d8f0d40
gamedayowner,a8b41e43-dc88-487d-8050-35de6ea8e64b
anotherwolfsoul,6378bc6f-b449-4bb0-97d7-8c3554a0bbfe
enderslender34,2b3a8e5a-1392-4632-afc8-d96063494425
xxwolf134,69adc78e-ded2-44cf-8460-96a082577590
drakoli,2808bb85-9bfb-4654-a202-de8ef32cdcc9
jwolf423,cf00c31e-d7db-42d6-b26b-abcb0076a726
sentientvolatile,dd249422-a877-48a4-a87b-aac58277106d
aliysium,792a460a-99f0-494b-9e4b-4af3569e2791
sylan,d49f32d2-9aff-4d30-ad1c-d50f7037cf28
not_boyo,f6c127e6-f8a7-431d-8a0e-eee00335e22b
